series,period,value
cash_rate,2015-01-31,2.5
cash_rate,2015-02-28,2.28
cash_rate,2015-03-31,2.25
cash_rate,2015-04-30,2.25
cash_rate,2015-05-31,2.04
cash_rate,2015-06-30,2
cash_rate,2015-07-31,2
cash_rate,2015-08-31,2
cash_rate,2015-09-30,2
cash_rate,2015-10-31,2
cash_rate,2015-11-30,2
cash_rate,2015-12-31,2
cash_rate,2016-01-31,2
cash_rate,2016-02-29,2
cash_rate,2016-03-31,2
cash_rate,2016-04-30,2
cash_rate,2016-05-31,1.77
cash_rate,2016-06-30,1.75
cash_rate,2016-07-31,1.75
cash_rate,2016-08-31,1.52
cash_rate,2016-09-30,1.5
cash_rate,2016-10-31,1.5
cash_rate,2016-11-30,1.5
cash_rate,2016-12-31,1.5
cash_rate,2017-01-31,1.5
cash_rate,2017-02-28,1.5
cash_rate,2017-03-31,1.5
cash_rate,2017-04-30,1.5
cash_rate,2017-05-31,1.5
cash_rate,2017-06-30,1.5
cash_rate,2017-07-31,1.5
cash_rate,2017-08-31,1.5
cash_rate,2017-09-30,1.5
cash_rate,2017-10-31,1.5
cash_rate,2017-11-30,1.5
cash_rate,2017-12-31,1.5
cash_rate,2018-01-31,1.5
cash_rate,2018-02-28,1.5
cash_rate,2018-03-31,1.5
cash_rate,2018-04-30,1.5
cash_rate,2018-05-31,1.5
cash_rate,2018-06-30,1.5
cash_rate,2018-07-31,1.5
cash_rate,2018-08-31,1.5
cash_rate,2018-09-30,1.5
cash_rate,2018-10-31,1.5
cash_rate,2018-11-30,1.5
cash_rate,2018-12-31,1.5
cash_rate,2019-01-31,1.5
cash_rate,2019-02-28,1.5
cash_rate,2019-03-31,1.5
cash_rate,2019-04-30,1.5
cash_rate,2019-05-31,1.5
cash_rate,2019-06-30,1.28
cash_rate,2019-07-31,1.02
cash_rate,2019-08-31,1
cash_rate,2019-09-30,1
cash_rate,2019-10-31,0.76
cash_rate,2019-11-30,0.75
cash_rate,2019-12-31,0.75
cash_rate,2020-01-31,0.75
cash_rate,2020-02-29,0.75
cash_rate,2020-03-31,0.43
cash_rate,2020-04-30,0.25
cash_rate,2020-05-31,0.25
cash_rate,2020-06-30,0.25
cash_rate,2020-07-31,0.25
cash_rate,2020-08-31,0.25
cash_rate,2020-09-30,0.25
cash_rate,2020-10-31,0.25
cash_rate,2020-11-30,0.11
cash_rate,2020-12-31,0.1
cash_rate,2021-01-31,0.1
cash_rate,2021-02-28,0.1
cash_rate,2021-03-31,0.1
cash_rate,2021-04-30,0.1
cash_rate,2021-05-31,0.1
cash_rate,2021-06-30,0.1
cash_rate,2021-07-31,0.1
cash_rate,2021-08-31,0.1
cash_rate,2021-09-30,0.1
cash_rate,2021-10-31,0.1
cash_rate,2021-11-30,0.1
cash_rate,2021-12-31,0.1
cash_rate,2022-01-31,0.1
cash_rate,2022-02-28,0.1
cash_rate,2022-03-31,0.1
cash_rate,2022-04-30,0.1
cash_rate,2022-05-31,0.33
cash_rate,2022-06-30,0.73
cash_rate,2022-07-31,1.28
cash_rate,2022-08-31,1.81
cash_rate,2022-09-30,2.25
cash_rate,2022-10-31,2.58
cash_rate,2022-11-30,2.84
cash_rate,2022-12-31,3.05
cash_rate,2023-01-31,3.1
cash_rate,2023-02-28,3.29
cash_rate,2023-03-31,3.54
cash_rate,2023-04-30,3.6
cash_rate,2023-05-31,3.83
cash_rate,2023-06-30,4.05
cash_rate,2023-07-31,4.1
cash_rate,2023-08-31,4.1
cash_rate,2023-09-30,4.1
cash_rate,2023-10-31,4.1
cash_rate,2023-11-30,4.29
cash_rate,2023-12-31,4.35
cash_rate,2024-01-31,4.35
cash_rate,2024-02-29,4.35
cash_rate,2024-03-31,4.35
cash_rate,2024-04-30,4.35
cash_rate,2024-05-31,4.35
cash_rate,2024-06-30,4.35
cash_rate,2024-07-31,4.35
cash_rate,2024-08-31,4.35
cash_rate,2024-09-30,4.35
cash_rate,2024-10-31,4.35
cash_rate,2024-11-30,4.35
cash_rate,2024-12-31,4.35
cash_rate,2025-01-31,4.35
cash_rate,2025-02-28,4.25
cash_rate,2025-03-31,4.1
cash_rate,2025-04-30,4.1
cash_rate,2025-05-31,4.01
cash_rate,2025-06-30,3.85
cash_rate,2025-07-31,3.85
cash_rate,2025-08-31,3.7
cash_rate,2025-09-30,3.6
cash_rate,2025-10-31,3.6
cash_rate,2025-11-30,3.6
cash_rate,2025-12-31,3.6
cash_rate,2026-01-31,3.6
cash_rate,2026-02-28,3.83
cash_rate,2026-03-31,3.96
cash_rate,2026-04-30,4.1
cash_rate,2026-05-31,4.31
cash_rate,2026-06-30,4.35
cash_rate,2026-07-31,4.35
cash_rate,2026-08-31,4.35
cash_rate_target,2015-01-31,2.5
cash_rate_target,2015-02-28,2.25
cash_rate_target,2015-03-31,2.25
cash_rate_target,2015-04-30,2.25
cash_rate_target,2015-05-31,2
cash_rate_target,2015-06-30,2
cash_rate_target,2015-07-31,2
cash_rate_target,2015-08-31,2
cash_rate_target,2015-09-30,2
cash_rate_target,2015-10-31,2
cash_rate_target,2015-11-30,2
cash_rate_target,2015-12-31,2
cash_rate_target,2016-01-31,2
cash_rate_target,2016-02-29,2
cash_rate_target,2016-03-31,2
cash_rate_target,2016-04-30,2
cash_rate_target,2016-05-31,1.75
cash_rate_target,2016-06-30,1.75
cash_rate_target,2016-07-31,1.75
cash_rate_target,2016-08-31,1.5
cash_rate_target,2016-09-30,1.5
cash_rate_target,2016-10-31,1.5
cash_rate_target,2016-11-30,1.5
cash_rate_target,2016-12-31,1.5
cash_rate_target,2017-01-31,1.5
cash_rate_target,2017-02-28,1.5
cash_rate_target,2017-03-31,1.5
cash_rate_target,2017-04-30,1.5
cash_rate_target,2017-05-31,1.5
cash_rate_target,2017-06-30,1.5
cash_rate_target,2017-07-31,1.5
cash_rate_target,2017-08-31,1.5
cash_rate_target,2017-09-30,1.5
cash_rate_target,2017-10-31,1.5
cash_rate_target,2017-11-30,1.5
cash_rate_target,2017-12-31,1.5
cash_rate_target,2018-01-31,1.5
cash_rate_target,2018-02-28,1.5
cash_rate_target,2018-03-31,1.5
cash_rate_target,2018-04-30,1.5
cash_rate_target,2018-05-31,1.5
cash_rate_target,2018-06-30,1.5
cash_rate_target,2018-07-31,1.5
cash_rate_target,2018-08-31,1.5
cash_rate_target,2018-09-30,1.5
cash_rate_target,2018-10-31,1.5
cash_rate_target,2018-11-30,1.5
cash_rate_target,2018-12-31,1.5
cash_rate_target,2019-01-31,1.5
cash_rate_target,2019-02-28,1.5
cash_rate_target,2019-03-31,1.5
cash_rate_target,2019-04-30,1.5
cash_rate_target,2019-05-31,1.5
cash_rate_target,2019-06-30,1.25
cash_rate_target,2019-07-31,1
cash_rate_target,2019-08-31,1
cash_rate_target,2019-09-30,1
cash_rate_target,2019-10-31,0.75
cash_rate_target,2019-11-30,0.75
cash_rate_target,2019-12-31,0.75
cash_rate_target,2020-01-31,0.75
cash_rate_target,2020-02-29,0.75
cash_rate_target,2020-03-31,0.25
cash_rate_target,2020-04-30,0.25
cash_rate_target,2020-05-31,0.25
cash_rate_target,2020-06-30,0.25
cash_rate_target,2020-07-31,0.25
cash_rate_target,2020-08-31,0.25
cash_rate_target,2020-09-30,0.25
cash_rate_target,2020-10-31,0.25
cash_rate_target,2020-11-30,0.1
cash_rate_target,2020-12-31,0.1
cash_rate_target,2021-01-31,0.1
cash_rate_target,2021-02-28,0.1
cash_rate_target,2021-03-31,0.1
cash_rate_target,2021-04-30,0.1
cash_rate_target,2021-05-31,0.1
cash_rate_target,2021-06-30,0.1
cash_rate_target,2021-07-31,0.1
cash_rate_target,2021-08-31,0.1
cash_rate_target,2021-09-30,0.1
cash_rate_target,2021-10-31,0.1
cash_rate_target,2021-11-30,0.1
cash_rate_target,2021-12-31,0.1
cash_rate_target,2022-01-31,0.1
cash_rate_target,2022-02-28,0.1
cash_rate_target,2022-03-31,0.1
cash_rate_target,2022-04-30,0.1
cash_rate_target,2022-05-31,0.35
cash_rate_target,2022-06-30,0.85
cash_rate_target,2022-07-31,1.35
cash_rate_target,2022-08-31,1.85
cash_rate_target,2022-09-30,2.35
cash_rate_target,2022-10-31,2.6
cash_rate_target,2022-11-30,2.85
cash_rate_target,2022-12-31,3.1
cash_rate_target,2023-01-31,3.1
cash_rate_target,2023-02-28,3.35
cash_rate_target,2023-03-31,3.6
cash_rate_target,2023-04-30,3.6
cash_rate_target,2023-05-31,3.85
cash_rate_target,2023-06-30,4.1
cash_rate_target,2023-07-31,4.1
cash_rate_target,2023-08-31,4.1
cash_rate_target,2023-09-30,4.1
cash_rate_target,2023-10-31,4.1
cash_rate_target,2023-11-30,4.35
cash_rate_target,2023-12-31,4.35
cash_rate_target,2024-01-31,4.35
cash_rate_target,2024-02-29,4.35
cash_rate_target,2024-03-31,4.35
cash_rate_target,2024-04-30,4.35
cash_rate_target,2024-05-31,4.35
cash_rate_target,2024-06-30,4.35
cash_rate_target,2024-07-31,4.35
cash_rate_target,2024-08-31,4.35
cash_rate_target,2024-09-30,4.35
cash_rate_target,2024-10-31,4.35
cash_rate_target,2024-11-30,4.35
cash_rate_target,2024-12-31,4.35
cash_rate_target,2025-01-31,4.35
cash_rate_target,2025-02-28,4.1
cash_rate_target,2025-03-31,4.1
cash_rate_target,2025-04-30,4.1
cash_rate_target,2025-05-31,3.85
cash_rate_target,2025-06-30,3.85
cash_rate_target,2025-07-31,3.85
cash_rate_target,2025-08-31,3.6
cash_rate_target,2025-09-30,3.6
cash_rate_target,2025-10-31,3.6
cash_rate_target,2025-11-30,3.6
cash_rate_target,2025-12-31,3.6
cash_rate_target,2026-01-31,3.6
cash_rate_target,2026-02-28,3.85
cash_rate_target,2026-03-31,4.1
cash_rate_target,2026-04-30,4.1
cash_rate_target,2026-05-31,4.35
cash_rate_target,2026-06-30,4.35
cash_rate_target,2026-07-31,4.35
cash_rate_target,2026-08-31,4.35
cash_rate_target,2026-09-30,4.6
housing_credit,2015-01-31,7
housing_credit,2015-02-28,7.1
housing_credit,2015-03-31,7.2
housing_credit,2015-04-30,7.2
housing_credit,2015-05-31,7.2
housing_credit,2015-06-30,7.3
housing_credit,2015-07-31,7.4
housing_credit,2015-08-31,7.5
housing_credit,2015-09-30,7.5
housing_credit,2015-10-31,7.4
housing_credit,2015-11-30,7.5
housing_credit,2015-12-31,7.4
housing_credit,2016-01-31,7.3
housing_credit,2016-02-29,7.3
housing_credit,2016-03-31,7.1
housing_credit,2016-04-30,7
housing_credit,2016-05-31,6.9
housing_credit,2016-06-30,6.7
housing_credit,2016-07-31,6.6
housing_credit,2016-08-31,6.5
housing_credit,2016-09-30,6.4
housing_credit,2016-10-31,6.4
housing_credit,2016-11-30,6.3
housing_credit,2016-12-31,6.3
housing_credit,2017-01-31,6.4
housing_credit,2017-02-28,6.4
housing_credit,2017-03-31,6.5
housing_credit,2017-04-30,6.5
housing_credit,2017-05-31,6.6
housing_credit,2017-06-30,6.6
housing_credit,2017-07-31,6.7
housing_credit,2017-08-31,6.6
housing_credit,2017-09-30,6.6
housing_credit,2017-10-31,6.5
housing_credit,2017-11-30,6.4
housing_credit,2017-12-31,6.3
housing_credit,2018-01-31,6.3
housing_credit,2018-02-28,6.2
housing_credit,2018-03-31,6.1
housing_credit,2018-04-30,6
housing_credit,2018-05-31,5.8
housing_credit,2018-06-30,5.6
housing_credit,2018-07-31,5.5
housing_credit,2018-08-31,5.4
housing_credit,2018-09-30,5.3
housing_credit,2018-10-31,5.1
housing_credit,2018-11-30,4.9
housing_credit,2018-12-31,4.7
housing_credit,2019-01-31,4.4
housing_credit,2019-02-28,4.2
housing_credit,2019-03-31,4
housing_credit,2019-04-30,3.8
housing_credit,2019-05-31,3.7
housing_credit,2019-06-30,3.4
housing_credit,2019-07-31,3.2
housing_credit,2019-08-31,3.1
housing_credit,2019-09-30,3
housing_credit,2019-10-31,3
housing_credit,2019-11-30,3
housing_credit,2019-12-31,3
housing_credit,2020-01-31,3.1
housing_credit,2020-02-29,3.1
housing_credit,2020-03-31,3.2
housing_credit,2020-04-30,3.2
housing_credit,2020-05-31,3.1
housing_credit,2020-06-30,3.1
housing_credit,2020-07-31,3.1
housing_credit,2020-08-31,3.2
housing_credit,2020-09-30,3.3
housing_credit,2020-10-31,3.3
housing_credit,2020-11-30,3.4
housing_credit,2020-12-31,3.5
housing_credit,2021-01-31,3.7
housing_credit,2021-02-28,3.9
housing_credit,2021-03-31,4.1
housing_credit,2021-04-30,4.4
housing_credit,2021-05-31,4.8
housing_credit,2021-06-30,5.4
housing_credit,2021-07-31,5.8
housing_credit,2021-08-31,6.2
housing_credit,2021-09-30,6.5
housing_credit,2021-10-31,6.8
housing_credit,2021-11-30,7.1
housing_credit,2021-12-31,7.4
housing_credit,2022-01-31,7.7
housing_credit,2022-02-28,7.9
housing_credit,2022-03-31,8
housing_credit,2022-04-30,8
housing_credit,2022-05-31,8
housing_credit,2022-06-30,7.9
housing_credit,2022-07-31,7.8
housing_credit,2022-08-31,7.7
housing_credit,2022-09-30,7.4
housing_credit,2022-10-31,7.2
housing_credit,2022-11-30,6.9
housing_credit,2022-12-31,6.5
housing_credit,2023-01-31,6.1
housing_credit,2023-02-28,5.8
housing_credit,2023-03-31,5.5
housing_credit,2023-04-30,5.2
housing_credit,2023-05-31,4.9
housing_credit,2023-06-30,4.6
housing_credit,2023-07-31,4.5
housing_credit,2023-08-31,4.3
housing_credit,2023-09-30,4.2
housing_credit,2023-10-31,4.2
housing_credit,2023-11-30,4.2
housing_credit,2023-12-31,4.2
housing_credit,2024-01-31,4.2
housing_credit,2024-02-29,4.2
housing_credit,2024-03-31,4.3
housing_credit,2024-04-30,4.5
housing_credit,2024-05-31,4.6
housing_credit,2024-06-30,4.7
housing_credit,2024-07-31,4.9
housing_credit,2024-08-31,5
housing_credit,2024-09-30,5.1
housing_credit,2024-10-31,5.2
housing_credit,2024-11-30,5.4
housing_credit,2024-12-31,5.5
housing_credit,2025-01-31,5.6
housing_credit,2025-02-28,5.7
housing_credit,2025-03-31,5.7
housing_credit,2025-04-30,5.8
housing_credit,2025-05-31,5.8
housing_credit,2025-06-30,5.9
housing_credit,2025-07-31,6
housing_credit,2025-08-31,6.1
housing_credit,2025-09-30,6.3
housing_credit,2025-10-31,6.5
housing_credit,2025-11-30,6.6
housing_credit,2025-12-31,6.9
housing_credit,2026-01-31,7
housing_credit,2026-02-28,7.1
housing_credit,2026-03-31,7.4
housing_credit,2026-04-30,7.5
housing_credit,2026-05-31,7.5
housing_credit,2026-06-30,7.5
housing_credit,2026-07-31,7.5
housing_credit,2026-08-31,7.3
inflation,2015-03-31,1.3
inflation,2015-06-30,1.5
inflation,2015-09-30,1.5
inflation,2015-12-31,1.7
inflation,2016-03-31,1.3
inflation,2016-06-30,1
inflation,2016-09-30,1.3
inflation,2016-12-31,1.5
inflation,2017-03-31,2.1
inflation,2017-06-30,1.9
inflation,2017-09-30,1.8
inflation,2017-12-31,2
inflation,2018-03-31,1.9
inflation,2018-06-30,2.1
inflation,2018-09-30,1.9
inflation,2018-12-31,1.8
inflation,2019-03-31,1.3
inflation,2019-06-30,1.5
inflation,2019-09-30,1.7
inflation,2019-12-31,1.8
inflation,2020-03-31,2.2
inflation,2020-06-30,-0.3
inflation,2020-09-30,0.6
inflation,2020-12-31,0.9
inflation,2021-03-31,1.1
inflation,2021-06-30,3.8
inflation,2021-09-30,3.1
inflation,2021-12-31,3.5
inflation,2022-03-31,5.1
inflation,2022-06-30,6.2
inflation,2022-09-30,7.3
inflation,2022-12-31,7.9
inflation,2023-03-31,7
inflation,2023-06-30,6
inflation,2023-09-30,5.3
inflation,2023-12-31,4.1
inflation,2024-03-31,3.6
inflation,2024-06-30,3.8
inflation,2024-09-30,2.9
inflation,2024-12-31,2.4
inflation,2025-03-31,2.4
inflation,2025-06-30,2.1
inflation,2025-09-30,3.2
inflation,2025-12-31,3.6
inflation,2026-03-31,4.1
inflation,2026-06-30,3.9
mortgage_rate,2019-07-31,3.53
mortgage_rate,2019-08-31,3.5
mortgage_rate,2019-09-30,3.5
mortgage_rate,2019-10-31,3.3
mortgage_rate,2019-11-30,3.3
mortgage_rate,2019-12-31,3.3
mortgage_rate,2020-01-31,3.3
mortgage_rate,2020-02-29,3.2
mortgage_rate,2020-03-31,3
mortgage_rate,2020-04-30,2.9
mortgage_rate,2020-05-31,2.9
mortgage_rate,2020-06-30,2.9
mortgage_rate,2020-07-31,2.9
mortgage_rate,2020-08-31,2.9
mortgage_rate,2020-09-30,2.9
mortgage_rate,2020-10-31,2.9
mortgage_rate,2020-11-30,2.9
mortgage_rate,2020-12-31,2.8
mortgage_rate,2021-01-31,2.8
mortgage_rate,2021-02-28,2.8
mortgage_rate,2021-03-31,2.8
mortgage_rate,2021-04-30,2.8
mortgage_rate,2021-05-31,2.8
mortgage_rate,2021-06-30,2.7
mortgage_rate,2021-07-31,2.7
mortgage_rate,2021-08-31,2.7
mortgage_rate,2021-09-30,2.7
mortgage_rate,2021-10-31,2.7
mortgage_rate,2021-11-30,2.6
mortgage_rate,2021-12-31,2.6
mortgage_rate,2022-01-31,2.6
mortgage_rate,2022-02-28,2.6
mortgage_rate,2022-03-31,2.5
mortgage_rate,2022-04-30,2.5
mortgage_rate,2022-05-31,2.6
mortgage_rate,2022-06-30,3.1
mortgage_rate,2022-07-31,3.5
mortgage_rate,2022-08-31,3.9
mortgage_rate,2022-09-30,4.4
mortgage_rate,2022-10-31,4.6
mortgage_rate,2022-11-30,4.8
mortgage_rate,2022-12-31,5
mortgage_rate,2023-01-31,5
mortgage_rate,2023-02-28,5.2
mortgage_rate,2023-03-31,5.4
mortgage_rate,2023-04-30,5.4
mortgage_rate,2023-05-31,5.7
mortgage_rate,2023-06-30,6
mortgage_rate,2023-07-31,5.9
mortgage_rate,2023-08-31,6
mortgage_rate,2023-09-30,6
mortgage_rate,2023-10-31,6
mortgage_rate,2023-11-30,6.2
mortgage_rate,2023-12-31,6.2
mortgage_rate,2024-01-31,6.3
mortgage_rate,2024-02-29,6.3
mortgage_rate,2024-03-31,6.3
mortgage_rate,2024-04-30,6.3
mortgage_rate,2024-05-31,6.3
mortgage_rate,2024-06-30,6.3
mortgage_rate,2024-07-31,6.3
mortgage_rate,2024-08-31,6.3
mortgage_rate,2024-09-30,6.3
mortgage_rate,2024-10-31,6.3
mortgage_rate,2024-11-30,6.2
mortgage_rate,2024-12-31,6.3
mortgage_rate,2025-01-31,6.3
mortgage_rate,2025-02-28,6.1
mortgage_rate,2025-03-31,6
mortgage_rate,2025-04-30,6
mortgage_rate,2025-05-31,5.8
mortgage_rate,2025-06-30,5.8
mortgage_rate,2025-07-31,5.8
mortgage_rate,2025-08-31,5.5
mortgage_rate,2025-09-30,5.5
mortgage_rate,2025-10-31,5.5
mortgage_rate,2025-11-30,5.5
mortgage_rate,2025-12-31,5.5
mortgage_rate,2026-01-31,5.5
mortgage_rate,2026-02-28,5.7
mortgage_rate,2026-03-31,5.9
mortgage_rate,2026-04-30,6
mortgage_rate,2026-05-31,6.2
mortgage_rate,2026-06-30,6.2
mortgage_rate,2026-07-31,6.2
mortgage_rate_all,2019-07-31,3.5
mortgage_rate_all,2019-08-31,3.5
mortgage_rate_all,2019-09-30,3.5
mortgage_rate_all,2019-10-31,3.3
mortgage_rate_all,2019-11-30,3.3
mortgage_rate_all,2019-12-31,3.3
mortgage_rate_all,2020-01-31,3.3
mortgage_rate_all,2020-02-29,3.3
mortgage_rate_all,2020-03-31,3
mortgage_rate_all,2020-04-30,3
mortgage_rate_all,2020-05-31,2.9
mortgage_rate_all,2020-06-30,2.9
mortgage_rate_all,2020-07-31,2.9
mortgage_rate_all,2020-08-31,2.9
mortgage_rate_all,2020-09-30,2.9
mortgage_rate_all,2020-10-31,2.9
mortgage_rate_all,2020-11-30,2.9
mortgage_rate_all,2020-12-31,2.8
mortgage_rate_all,2021-01-31,2.8
mortgage_rate_all,2021-02-28,2.8
mortgage_rate_all,2021-03-31,2.8
mortgage_rate_all,2021-04-30,2.8
mortgage_rate_all,2021-05-31,2.8
mortgage_rate_all,2021-06-30,2.7
mortgage_rate_all,2021-07-31,2.7
mortgage_rate_all,2021-08-31,2.7
mortgage_rate_all,2021-09-30,2.7
mortgage_rate_all,2021-10-31,2.6
mortgage_rate_all,2021-11-30,2.6
mortgage_rate_all,2021-12-31,2.6
mortgage_rate_all,2022-01-31,2.5
mortgage_rate_all,2022-02-28,2.5
mortgage_rate_all,2022-03-31,2.5
mortgage_rate_all,2022-04-30,2.4
mortgage_rate_all,2022-05-31,2.6
mortgage_rate_all,2022-06-30,3.1
mortgage_rate_all,2022-07-31,3.5
mortgage_rate_all,2022-08-31,4
mortgage_rate_all,2022-09-30,4.4
mortgage_rate_all,2022-10-31,4.6
mortgage_rate_all,2022-11-30,4.8
mortgage_rate_all,2022-12-31,5
mortgage_rate_all,2023-01-31,5
mortgage_rate_all,2023-02-28,5.2
mortgage_rate_all,2023-03-31,5.4
mortgage_rate_all,2023-04-30,5.4
mortgage_rate_all,2023-05-31,5.7
mortgage_rate_all,2023-06-30,5.9
mortgage_rate_all,2023-07-31,6
mortgage_rate_all,2023-08-31,6
mortgage_rate_all,2023-09-30,6
mortgage_rate_all,2023-10-31,6
mortgage_rate_all,2023-11-30,6.2
mortgage_rate_all,2023-12-31,6.2
mortgage_rate_all,2024-01-31,6.3
mortgage_rate_all,2024-02-29,6.3
mortgage_rate_all,2024-03-31,6.3
mortgage_rate_all,2024-04-30,6.3
mortgage_rate_all,2024-05-31,6.3
mortgage_rate_all,2024-06-30,6.3
mortgage_rate_all,2024-07-31,6.3
mortgage_rate_all,2024-08-31,6.3
mortgage_rate_all,2024-09-30,6.3
mortgage_rate_all,2024-10-31,6.3
mortgage_rate_all,2024-11-30,6.2
mortgage_rate_all,2024-12-31,6.2
mortgage_rate_all,2025-01-31,6.3
mortgage_rate_all,2025-02-28,6.1
mortgage_rate_all,2025-03-31,6
mortgage_rate_all,2025-04-30,6
mortgage_rate_all,2025-05-31,5.8
mortgage_rate_all,2025-06-30,5.8
mortgage_rate_all,2025-07-31,5.8
mortgage_rate_all,2025-08-31,5.5
mortgage_rate_all,2025-09-30,5.5
mortgage_rate_all,2025-10-31,5.5
mortgage_rate_all,2025-11-30,5.5
mortgage_rate_all,2025-12-31,5.5
mortgage_rate_all,2026-01-31,5.5
mortgage_rate_all,2026-02-28,5.7
mortgage_rate_all,2026-03-31,5.9
mortgage_rate_all,2026-04-30,6
mortgage_rate_all,2026-05-31,6.2
mortgage_rate_all,2026-06-30,6.3
mortgage_rate_all,2026-07-31,6.2
unemployment_au,2015-01-31,6.4
unemployment_au,2015-02-28,6.2
unemployment_au,2015-03-31,6.1
unemployment_au,2015-04-30,6.1
unemployment_au,2015-05-31,5.9
unemployment_au,2015-06-30,6
unemployment_au,2015-07-31,6.3
unemployment_au,2015-08-31,6.1
unemployment_au,2015-09-30,6.2
unemployment_au,2015-10-31,5.9
unemployment_au,2015-11-30,5.9
unemployment_au,2015-12-31,5.7
unemployment_au,2016-01-31,6
unemployment_au,2016-02-29,5.7
unemployment_au,2016-03-31,5.7
unemployment_au,2016-04-30,5.6
unemployment_au,2016-05-31,5.7
unemployment_au,2016-06-30,5.7
unemployment_au,2016-07-31,5.7
unemployment_au,2016-08-31,5.6
unemployment_au,2016-09-30,5.7
unemployment_au,2016-10-31,5.6
unemployment_au,2016-11-30,5.8
unemployment_au,2016-12-31,5.8
unemployment_au,2017-01-31,5.7
unemployment_au,2017-02-28,5.9
unemployment_au,2017-03-31,5.8
unemployment_au,2017-04-30,5.6
unemployment_au,2017-05-31,5.6
unemployment_au,2017-06-30,5.6
unemployment_au,2017-07-31,5.6
unemployment_au,2017-08-31,5.5
unemployment_au,2017-09-30,5.5
unemployment_au,2017-10-31,5.4
unemployment_au,2017-11-30,5.5
unemployment_au,2017-12-31,5.6
unemployment_au,2018-01-31,5.5
unemployment_au,2018-02-28,5.6
unemployment_au,2018-03-31,5.5
unemployment_au,2018-04-30,5.6
unemployment_au,2018-05-31,5.4
unemployment_au,2018-06-30,5.3
unemployment_au,2018-07-31,5.3
unemployment_au,2018-08-31,5.3
unemployment_au,2018-09-30,5
unemployment_au,2018-10-31,5
unemployment_au,2018-11-30,5.1
unemployment_au,2018-12-31,5
unemployment_au,2019-01-31,5.1
unemployment_au,2019-02-28,5
unemployment_au,2019-03-31,5.1
unemployment_au,2019-04-30,5.2
unemployment_au,2019-05-31,5.2
unemployment_au,2019-06-30,5.3
unemployment_au,2019-07-31,5.3
unemployment_au,2019-08-31,5.3
unemployment_au,2019-09-30,5.2
unemployment_au,2019-10-31,5.3
unemployment_au,2019-11-30,5.2
unemployment_au,2019-12-31,5
unemployment_au,2020-01-31,5.3
unemployment_au,2020-02-29,5.1
unemployment_au,2020-03-31,5.2
unemployment_au,2020-04-30,6.3
unemployment_au,2020-05-31,7
unemployment_au,2020-06-30,7.4
unemployment_au,2020-07-31,7.4
unemployment_au,2020-08-31,6.8
unemployment_au,2020-09-30,6.9
unemployment_au,2020-10-31,6.9
unemployment_au,2020-11-30,6.8
unemployment_au,2020-12-31,6.6
unemployment_au,2021-01-31,6.3
unemployment_au,2021-02-28,5.9
unemployment_au,2021-03-31,5.7
unemployment_au,2021-04-30,5.5
unemployment_au,2021-05-31,5.1
unemployment_au,2021-06-30,5
unemployment_au,2021-07-31,4.7
unemployment_au,2021-08-31,4.6
unemployment_au,2021-09-30,4.7
unemployment_au,2021-10-31,5.2
unemployment_au,2021-11-30,4.6
unemployment_au,2021-12-31,4.2
unemployment_au,2022-01-31,4.2
unemployment_au,2022-02-28,4
unemployment_au,2022-03-31,4
unemployment_au,2022-04-30,3.9
unemployment_au,2022-05-31,4
unemployment_au,2022-06-30,3.6
unemployment_au,2022-07-31,3.5
unemployment_au,2022-08-31,3.5
unemployment_au,2022-09-30,3.6
unemployment_au,2022-10-31,3.4
unemployment_au,2022-11-30,3.5
unemployment_au,2022-12-31,3.5
unemployment_au,2023-01-31,3.7
unemployment_au,2023-02-28,3.6
unemployment_au,2023-03-31,3.6
unemployment_au,2023-04-30,3.7
unemployment_au,2023-05-31,3.6
unemployment_au,2023-06-30,3.5
unemployment_au,2023-07-31,3.7
unemployment_au,2023-08-31,3.7
unemployment_au,2023-09-30,3.6
unemployment_au,2023-10-31,3.8
unemployment_au,2023-11-30,3.9
unemployment_au,2023-12-31,4
unemployment_au,2024-01-31,4.1
unemployment_au,2024-02-29,3.7
unemployment_au,2024-03-31,3.9
unemployment_au,2024-04-30,4.1
unemployment_au,2024-05-31,4
unemployment_au,2024-06-30,4.1
unemployment_au,2024-07-31,4.2
unemployment_au,2024-08-31,4.1
unemployment_au,2024-09-30,4
unemployment_au,2024-10-31,4.1
unemployment_au,2024-11-30,3.9
unemployment_au,2024-12-31,4
unemployment_au,2025-01-31,4.1
unemployment_au,2025-02-28,4.1
unemployment_au,2025-03-31,4.1
unemployment_au,2025-04-30,4.1
unemployment_au,2025-05-31,4.1
unemployment_au,2025-06-30,4.3
unemployment_au,2025-07-31,4.3
unemployment_au,2025-08-31,4.2
unemployment_au,2025-09-30,4.4
unemployment_au,2025-10-31,4.3
unemployment_au,2025-11-30,4.3
unemployment_au,2025-12-31,4.1
unemployment_au,2026-01-31,4.1
unemployment_au,2026-02-28,4.3
unemployment_au,2026-03-31,4.3
unemployment_au,2026-04-30,4.5
unemployment_au,2026-05-31,4.4
unemployment_au,2026-06-30,4.4
unemployment_au,2026-07-31,4.5
unemployment_au,2026-08-31,4.6
unemployment_vic,2015-01-31,6.5347
unemployment_vic,2015-02-28,5.923
unemployment_vic,2015-03-31,6.2307
unemployment_vic,2015-04-30,6.1744
unemployment_vic,2015-05-31,5.9378
unemployment_vic,2015-06-30,6.0274
unemployment_vic,2015-07-31,6.3741
unemployment_vic,2015-08-31,5.9651
unemployment_vic,2015-09-30,6.3182
unemployment_vic,2015-10-31,5.6973
unemployment_vic,2015-11-30,6.2293
unemployment_vic,2015-12-31,5.9759
unemployment_vic,2016-01-31,6.3275
unemployment_vic,2016-02-29,5.8211
unemployment_vic,2016-03-31,5.6476
unemployment_vic,2016-04-30,5.5564
unemployment_vic,2016-05-31,5.8035
unemployment_vic,2016-06-30,5.6782
unemployment_vic,2016-07-31,5.88
unemployment_vic,2016-08-31,5.5569
unemployment_vic,2016-09-30,5.8109
unemployment_vic,2016-10-31,5.846
unemployment_vic,2016-11-30,6.089
unemployment_vic,2016-12-31,6.0576
unemployment_vic,2017-01-31,5.7747
unemployment_vic,2017-02-28,5.9638
unemployment_vic,2017-03-31,6.1943
unemployment_vic,2017-04-30,6.1137
unemployment_vic,2017-05-31,5.9859
unemployment_vic,2017-06-30,5.9447
unemployment_vic,2017-07-31,6.1477
unemployment_vic,2017-08-31,6.1344
unemployment_vic,2017-09-30,6.0157
unemployment_vic,2017-10-31,5.7742
unemployment_vic,2017-11-30,5.5191
unemployment_vic,2017-12-31,6.1346
unemployment_vic,2018-01-31,5.5542
unemployment_vic,2018-02-28,5.6413
unemployment_vic,2018-03-31,5.2378
unemployment_vic,2018-04-30,5.1992
unemployment_vic,2018-05-31,5.0303
unemployment_vic,2018-06-30,5.6039
unemployment_vic,2018-07-31,5.008
unemployment_vic,2018-08-31,4.784
unemployment_vic,2018-09-30,4.5745
unemployment_vic,2018-10-31,4.5267
unemployment_vic,2018-11-30,4.6175
unemployment_vic,2018-12-31,4.1775
unemployment_vic,2019-01-31,4.5751
unemployment_vic,2019-02-28,4.798
unemployment_vic,2019-03-31,4.6165
unemployment_vic,2019-04-30,4.8418
unemployment_vic,2019-05-31,4.5459
unemployment_vic,2019-06-30,4.8614
unemployment_vic,2019-07-31,4.9281
unemployment_vic,2019-08-31,4.9489
unemployment_vic,2019-09-30,4.7265
unemployment_vic,2019-10-31,4.8166
unemployment_vic,2019-11-30,4.5658
unemployment_vic,2019-12-31,4.8571
unemployment_vic,2020-01-31,5.2996
unemployment_vic,2020-02-29,5.3294
unemployment_vic,2020-03-31,5.1353
unemployment_vic,2020-04-30,5.9141
unemployment_vic,2020-05-31,6.7226
unemployment_vic,2020-06-30,7.4986
unemployment_vic,2020-07-31,6.9601
unemployment_vic,2020-08-31,7.1271
unemployment_vic,2020-09-30,6.6723
unemployment_vic,2020-10-31,7.2802
unemployment_vic,2020-11-30,7.1004
unemployment_vic,2020-12-31,6.4175
unemployment_vic,2021-01-31,6.2679
unemployment_vic,2021-02-28,5.7137
unemployment_vic,2021-03-31,6.0552
unemployment_vic,2021-04-30,5.3934
unemployment_vic,2021-05-31,4.7405
unemployment_vic,2021-06-30,4.5569
unemployment_vic,2021-07-31,4.6143
unemployment_vic,2021-08-31,4.0878
unemployment_vic,2021-09-30,4.7216
unemployment_vic,2021-10-31,5.6038
unemployment_vic,2021-11-30,4.6756
unemployment_vic,2021-12-31,4.2569
unemployment_vic,2022-01-31,4.0954
unemployment_vic,2022-02-28,4.178
unemployment_vic,2022-03-31,4.1076
unemployment_vic,2022-04-30,4.2279
unemployment_vic,2022-05-31,3.7744
unemployment_vic,2022-06-30,3.3083
unemployment_vic,2022-07-31,3.254
unemployment_vic,2022-08-31,3.8326
unemployment_vic,2022-09-30,3.4738
unemployment_vic,2022-10-31,3.7031
unemployment_vic,2022-11-30,3.648
unemployment_vic,2022-12-31,3.5071
unemployment_vic,2023-01-31,4.0648
unemployment_vic,2023-02-28,3.7713
unemployment_vic,2023-03-31,3.7302
unemployment_vic,2023-04-30,3.9205
unemployment_vic,2023-05-31,3.7231
unemployment_vic,2023-06-30,3.6963
unemployment_vic,2023-07-31,3.661
unemployment_vic,2023-08-31,3.5591
unemployment_vic,2023-09-30,3.4863
unemployment_vic,2023-10-31,3.8357
unemployment_vic,2023-11-30,4.0099
unemployment_vic,2023-12-31,4.081
unemployment_vic,2024-01-31,3.9631
unemployment_vic,2024-02-29,3.8815
unemployment_vic,2024-03-31,4.1271
unemployment_vic,2024-04-30,4.3385
unemployment_vic,2024-05-31,4.4102
unemployment_vic,2024-06-30,4.5039
unemployment_vic,2024-07-31,4.5481
unemployment_vic,2024-08-31,4.4562
unemployment_vic,2024-09-30,4.345
unemployment_vic,2024-10-31,4.5135
unemployment_vic,2024-11-30,4.1466
unemployment_vic,2024-12-31,4.4612
unemployment_vic,2025-01-31,4.7305
unemployment_vic,2025-02-28,4.6406
unemployment_vic,2025-03-31,4.3543
unemployment_vic,2025-04-30,4.2487
unemployment_vic,2025-05-31,4.3821
unemployment_vic,2025-06-30,4.5295
unemployment_vic,2025-07-31,4.605
unemployment_vic,2025-08-31,4.3132
unemployment_vic,2025-09-30,4.7314
unemployment_vic,2025-10-31,4.6752
unemployment_vic,2025-11-30,4.7379
unemployment_vic,2025-12-31,4.5755
unemployment_vic,2026-01-31,4.2497
unemployment_vic,2026-02-28,4.6882
unemployment_vic,2026-03-31,4.8157
unemployment_vic,2026-04-30,4.8461
unemployment_vic,2026-05-31,4.9007
unemployment_vic,2026-06-30,5.1175
unemployment_vic,2026-07-31,5.1152
unemployment_vic,2026-08-31,5.1727
