suburb,freq,period,median_price,sales_count
Cheltenham,A,2015,867000,
Cheltenham,A,2016,942500,
Cheltenham,A,2017,1170000,
Cheltenham,A,2018,1105000,
Cheltenham,A,2019,1035000,
Cheltenham,A,2020,1130000,
Cheltenham,A,2021,1306000,
Cheltenham,A,2022,1350000,
Cheltenham,A,2023,1335000,
Cheltenham,A,2024,1335000,
Cheltenham,A,2025,1358000,
Cheltenham,Q,2025-Q1,1260500,
Cheltenham,Q,2025-Q2,1310000,
Cheltenham,Q,2025-Q3,1425000,
Cheltenham,Q,2025-Q4,1385000,
Cheltenham,Q,2026-Q1,1378000,29
Hampton East,A,2015,1020000,
Hampton East,A,2016,1200000,
Hampton East,A,2017,1340000,
Hampton East,A,2018,1230000,
Hampton East,A,2019,1211500,
Hampton East,A,2020,1290500,
Hampton East,A,2021,1512500,
Hampton East,A,2022,1610000,
Hampton East,A,2023,1490000,
Hampton East,A,2024,1427500,
Hampton East,A,2025,1534000,
Hampton East,Q,2025-Q1,1450000,
Hampton East,Q,2025-Q2,1642500,
Hampton East,Q,2025-Q3,1451500,
Hampton East,Q,2025-Q4,1526000,
Hampton East,Q,2026-Q1,1835000,11
Highett,A,2015,992500,
Highett,A,2016,1175000,
Highett,A,2017,1318500,
Highett,A,2018,1275000,
Highett,A,2019,1234000,
Highett,A,2020,1325000,
Highett,A,2021,1585000,
Highett,A,2022,1477500,
Highett,A,2023,1455000,
Highett,A,2024,1450000,
Highett,A,2025,1490000,
Highett,Q,2025-Q1,1442000,
Highett,Q,2025-Q2,1490000,
Highett,Q,2025-Q3,1495000,
Highett,Q,2025-Q4,1505000,
Highett,Q,2026-Q1,1350000,41
Moorabbin,A,2015,855000,
Moorabbin,A,2016,980000,
Moorabbin,A,2017,1160000,
Moorabbin,A,2018,1130000,
Moorabbin,A,2019,1065000,
Moorabbin,A,2020,1075000,
Moorabbin,A,2021,1400000,
Moorabbin,A,2022,1392500,
Moorabbin,A,2023,1297500,
Moorabbin,A,2024,1286500,
Moorabbin,A,2025,1270000,
Moorabbin,Q,2025-Q1,1232500,
Moorabbin,Q,2025-Q2,1225000,
Moorabbin,Q,2025-Q3,1338000,
Moorabbin,Q,2025-Q4,1290000,
Moorabbin,Q,2026-Q1,1307500,15
